{"max": [0.5825, 2.14911, 0.5825], "centroid": [-0.0038430908696210453, 0.9045623096926663, -0.3153873549522802], "id": "5310945bb21d74a41fabf3cbd0fc77bc", "numVertices": 11421, "min": [-0.5825, -0.0642, -1.21307]}
