{"max": [-0.500876, -0.0251496, 1.26092], "centroid": [-0.5630878116975747, -0.06765286433666215, 1.1694653922967204], "id": "ca198dc3f7dc0cacec6338171298c66b", "numVertices": 701, "min": [-0.623193, -0.17964, 1.09364]}
